{
  "doctors": [
    {
      "id": "1",
      "name": "Dr. Sarah Johnson",
      "specialty": "Cardiologist",
      "experience": "12+ years",
      "image": "https://images.pexels.com/photos/5327921/pexels-photo-5327921.jpeg?auto=compress&cs=tinysrgb&w=300&h=300&fit=crop"
    },
    {
      "id": "2",
      "name": "Dr. Michael Chen",
      "specialty": "Neurologist",
      "experience": "15+ years",
      "image": "https://images.pexels.com/photos/6749778/pexels-photo-6749778.jpeg?auto=compress&cs=tinysrgb&w=300&h=300&fit=crop"
    },
    {
      "id": "3",
      "name": "Dr. Emily Rodriguez",
      "specialty": "Dermatologist",
      "experience": "8+ years",
      "image": "https://images.pexels.com/photos/5452293/pexels-photo-5452293.jpeg?auto=compress&cs=tinysrgb&w=300&h=300&fit=crop"
    },
    {
      "id": "4",
      "name": "Dr. James Wilson",
      "specialty": "Orthopedist",
      "experience": "20+ years",
      "image": "https://images.pexels.com/photos/5452201/pexels-photo-5452201.jpeg?auto=compress&cs=tinysrgb&w=300&h=300&fit=crop"
    },
    {
      "id": "5",
      "name": "Dr. Lisa Thompson",
      "specialty": "Pediatrician",
      "experience": "10+ years",
      "image": "https://images.pexels.com/photos/5452268/pexels-photo-5452268.jpeg?auto=compress&cs=tinysrgb&w=300&h=300&fit=crop"
    },
    {
      "id": "6",
      "name": "Dr. Robert Davis",
      "specialty": "Psychiatrist",
      "experience": "18+ years",
      "image": "https://images.pexels.com/photos/5452274/pexels-photo-5452274.jpeg?auto=compress&cs=tinysrgb&w=300&h=300&fit=crop"
    },
    {
      "id": "7",
      "name": "Dr. James Wilson",
      "specialty": "Orthopedist",
      "experience": "20+ years",
      "image": "https://images.pexels.com/photos/5452201/pexels-photo-5452201.jpeg?auto=compress&cs=tinysrgb&w=300&h=300&fit=crop"
    },
    {
      "id": "8",
      "name": "Dr. Lisa Thompson",
      "specialty": "Pediatrician",
      "experience": "10+ years",
      "image": "https://images.pexels.com/photos/5452268/pexels-photo-5452268.jpeg?auto=compress&cs=tinysrgb&w=300&h=300&fit=crop"
    },
    {
      "id": "9",
      "name": "Dr. Robert Davis",
      "specialty": "Psychiatrist",
      "experience": "18+ years",
      "image": "https://images.pexels.com/photos/5452274/pexels-photo-5452274.jpeg?auto=compress&cs=tinysrgb&w=300&h=300&fit=crop"
    }
  ],
  "appointments": [
    {
      "id": "d300d325-c4b4-4070-abd3-af9d0b098759",
      "firstName": "Salem",
      "lastName": "Basumata",
      "email": "sbasumatas58@gmail.com",
      "phone": "7908292815",
      "doctorId": "2",
      "date": "15-06-2025",
      "startTime": {
        "hour": 10,
        "minute": 45,
        "period": "AM"
      },
      "endTime": {
        "hour": 11,
        "minute": 0,
        "period": "PM"
      }
    }
  ]
}